apps,series_id
a_tiktok,0
a_tiktok,1
a_tiktok,2
a_tiktok,3
a_tiktok,4
a_tiktok,5
a_tiktok,6
a_tiktok,7
a_tiktok,8
a_tiktok,9
a_tiktok,10
a_tiktok,11
a_tiktok,12
a_tiktok,13
a_tiktok,14
a_tiktok,15
a_tiktok,16
a_tiktok,17
a_tiktok,18
a_tiktok,19
a_tiktok,20
a_tiktok,21
a_tiktok,22
a_tiktok,23
a_tiktok,24
a_tiktok,25
a_tiktok,26
a_tiktok,27
a_tiktok,28
a_tiktok,29
a_tiktok,30
a_tiktok,31
a_tiktok,32
a_tiktok,33
a_tiktok,34
a_tiktok,35
a_tiktok,36
a_tiktok,37
a_tiktok,38
a_tiktok,39
a_tiktok,40
a_tiktok,41
a_tiktok,42
a_tiktok,43
a_tiktok,44
a_tiktok,45
a_tiktok,46
a_tiktok,47
a_tiktok,48
a_tiktok,49
a_tiktok,50
a_tiktok,51
a_tiktok,52
a_tiktok,53
a_tiktok,54
a_tiktok,55
a_tiktok,56
a_tiktok,57
a_tiktok,58
a_tiktok,59
a_tiktok,60
a_tiktok,61
a_tiktok,62
a_tiktok,63
a_tiktok,64
a_tiktok,65
a_tiktok,66
a_tiktok,67
a_tiktok,68
a_tiktok,69
a_tiktok,70
a_tiktok,71
a_tiktok,72
a_tiktok,73
a_tiktok,74
a_tiktok,75
a_tiktok,76
a_tiktok,77
a_tiktok,78
a_tiktok,79
a_tiktok,80
a_tiktok,81
a_tiktok,82
a_tiktok,83
a_tiktok,84
a_tiktok,85
a_tiktok,86
a_tiktok,87
a_tiktok,88
a_tiktok,89
a_tiktok,90
a_tiktok,91
a_tiktok,92
a_tiktok,93
a_tiktok,94
a_tiktok,95
a_tiktok,96
a_tiktok,97
a_tiktok,98
a_tiktok,99
a_tiktok,100
a_tiktok,101
a_tiktok,102
a_tiktok,103
a_tiktok,104
a_tiktok,105
a_tiktok,106
a_tiktok,107
a_tiktok,108
a_tiktok,109
a_tiktok,110
a_tiktok,111
a_tiktok,112
a_tiktok,113
a_tiktok,114
a_tiktok,115
a_tiktok,116
a_tiktok,117
a_tiktok,118
a_tiktok,119
a_tiktok,120
a_tiktok,121
a_tiktok,122
a_tiktok,123
a_tiktok,124
a_tiktok,125
a_tiktok,126
a_tiktok,127
a_tiktok,128
a_tiktok,129
a_tiktok,130
a_tiktok,131
a_tiktok,132
a_tiktok,133
a_tiktok,134
a_tiktok,135
a_tiktok,136
a_tiktok,137
a_tiktok,138
a_tiktok,139
a_tiktok,140
a_tiktok,141
a_tiktok,142
a_tiktok,143
a_tiktok,144
a_tiktok,145
a_tiktok,146
a_tiktok,147
a_tiktok,148
a_tiktok,149
a_tiktok,150
a_tiktok,151
a_tiktok,152
a_tiktok,153
a_tiktok,154
a_tiktok,155
a_tiktok,156
a_tiktok,157
a_tiktok,158
a_tiktok,159
a_tiktok,160
a_tiktok,161
a_tiktok,162
a_tiktok,163
a_tiktok,164
a_tiktok,165
a_tiktok,166
a_tiktok,167
a_tiktok,168
a_tiktok,169
a_tiktok,170
a_tiktok,171
a_tiktok,172
a_tiktok,173
a_tiktok,174
a_tiktok,175
a_tiktok,176
a_tiktok,177
a_tiktok,178
a_tiktok,179
a_tiktok,180
a_tiktok,181
a_tiktok,182
a_tiktok,183
a_tiktok,184
a_tiktok,185
a_tiktok,186
a_tiktok,187
a_tiktok,188
a_tiktok,189
a_tiktok,190
a_tiktok,191
a_tiktok,192
a_tiktok,193
a_tiktok,194
a_tiktok,195
a_tiktok,196
a_tiktok,197
a_tiktok,198
a_tiktok,199
a_tiktok,200
a_tiktok,201
a_tiktok,202
a_tiktok,203
a_tiktok,204
a_tiktok,205
a_tiktok,206
a_tiktok,207
a_tiktok,208
a_tiktok,209
a_tiktok,210
a_tiktok,211
a_tiktok,212
a_tiktok,213
a_tiktok,214
a_tiktok,215
a_tiktok,216
a_tiktok,217
a_tiktok,218
a_tiktok,219
a_tiktok,220
a_tiktok,221
a_tiktok,222
a_tiktok,223
a_tiktok,224
a_tiktok,225
a_tiktok,226
a_tiktok,227
a_tiktok,228
a_tiktok,229
a_tiktok,230
a_tiktok,231
a_tiktok,232
a_tiktok,233
a_tiktok,234
a_tiktok,235
a_tiktok,236
a_tiktok,237
a_tiktok,238
a_tiktok,239
a_tiktok,240
a_tiktok,241
a_tiktok,242
a_tiktok,243
a_tiktok,244
a_tiktok,245
a_tiktok,246
a_tiktok,247
a_tiktok,248
a_tiktok,249
a_tiktok,250
a_tiktok,251
a_tiktok,252
a_tiktok,253
a_tiktok,254
a_tiktok,255
a_tiktok,256
a_tiktok,257
a_tiktok,258
a_tiktok,259
a_tiktok,260
a_tiktok,261
a_tiktok,262
a_tiktok,263
a_tiktok,264
a_tiktok,265
a_tiktok,266
a_tiktok,267
a_tiktok,268
a_tiktok,269
a_tiktok,270
a_tiktok,271
a_tiktok,272
a_tiktok,273
a_tiktok,274
a_tiktok,275
a_tiktok,276
a_tiktok,277
a_tiktok,278
a_tiktok,279
a_tiktok,280
a_tiktok,281
a_tiktok,282
a_tiktok,283
a_tiktok,284
a_tiktok,285
a_tiktok,286
a_tiktok,287
a_tiktok,288
a_tiktok,289
a_tiktok,290
a_tiktok,291
a_tiktok,292
a_tiktok,293
a_tiktok,294
a_tiktok,295
a_tiktok,296
a_tiktok,297
a_tiktok,298
a_tiktok,299
